{"cameraMode":{"drawMode":0,"name":"Shaded","section":"Shading Mode"},"sceneLighting":false,"audioPlay":false,"sceneViewState":{"showFog":true,"showMaterialUpdate":false,"showSkybox":false,"showFlares":true,"showImageEffects":true,"showParticleSystems":true},"in2DMode":false,"pivot":{"x":1.0535694360733033,"y":1.7495839595794678,"z":3.2326107025146486},"rotation":{"x":0.007543666288256645,"y":0.9460620880126953,"z":-0.021525263786315919,"w":0.3234359622001648},"size":4.02546501159668,"orthographic":false}